old_path	new_path	task	group	source_run
checkpoints/bench_xhi2d_localwno_b32	checkpoints/misc/bench_xhi2d_localwno_b32	misc	localwno	
checkpoints/checkpoints_2d_xhi_localwno	checkpoints/2d_xhi/localwno/checkpoints_2d_xhi_localwno	2d_xhi	localwno	
checkpoints/checkpoints_3d_cnn_fno_bw48	checkpoints/3d_xhi/cnn_fno/checkpoints_3d_cnn_fno_bw48	3d_xhi	cnn_fno	
checkpoints/checkpoints_3d_cnn_sfno_bw48om60	checkpoints/3d_xhi/cnn_sfno/checkpoints_3d_cnn_sfno_bw48om60	3d_xhi	cnn_sfno	
checkpoints/checkpoints_3d_cnn_swhno_plain	checkpoints/3d_xhi/cnn_swhno/checkpoints_3d_cnn_swhno_plain	3d_xhi	cnn_swhno	
checkpoints/checkpoints_3d_cnn_whno_plain	checkpoints/3d_xhi/cnn_whno/checkpoints_3d_cnn_whno_plain	3d_xhi	cnn_whno	
checkpoints/checkpoints_3d_fno_fno_bsd	checkpoints/3d_xhi/fno_fno/checkpoints_3d_fno_fno_bsd	3d_xhi	fno_fno	
checkpoints/checkpoints_3d_fno_whno_expwall	checkpoints/3d_xhi/fno_whno/checkpoints_3d_fno_whno_expwall	3d_xhi	fno_whno	
checkpoints/checkpoints_3d_fno_whno_expwall_theta	checkpoints/3d_xhi/fno_whno/checkpoints_3d_fno_whno_expwall_theta	3d_xhi	fno_whno	
checkpoints/checkpoints_3d_fno_whno_hybrid	checkpoints/3d_xhi/fno_whno/checkpoints_3d_fno_whno_hybrid	3d_xhi	fno_whno	
checkpoints/checkpoints_3d_fno_whno_hybrid_tsw	checkpoints/3d_xhi/fno_whno/checkpoints_3d_fno_whno_hybrid_tsw	3d_xhi	fno_whno	
checkpoints/checkpoints_3d_fno_whno_plain	checkpoints/3d_xhi/fno_whno/checkpoints_3d_fno_whno_plain	3d_xhi	fno_whno	
checkpoints/checkpoints_3d_localfno_1gpu	checkpoints/3d_xhi/localfno/checkpoints_3d_localfno_1gpu	3d_xhi	localfno	
checkpoints/checkpoints_3d_localfno_warped256	checkpoints/3d_xhi/localfno/checkpoints_3d_localfno_warped256	3d_xhi	localfno	
checkpoints/checkpoints_3d_localfno_warped256_valonly	checkpoints/3d_xhi/localfno/checkpoints_3d_localfno_warped256_valonly	3d_xhi	localfno	
checkpoints/checkpoints_3d_localfno_warped256_volw	checkpoints/3d_xhi/localfno/checkpoints_3d_localfno_warped256_volw	3d_xhi	localfno	
checkpoints/checkpoints_3d_localfno_warped256_volw_cont	checkpoints/3d_xhi/localfno/checkpoints_3d_localfno_warped256_volw_cont	3d_xhi	localfno	
checkpoints/checkpoints_3d_localop_whno_expwall16	checkpoints/3d_xhi/fno_whno/checkpoints_3d_localop_whno_expwall16	3d_xhi	fno_whno	
checkpoints/checkpoints_3d_localsirenfno	checkpoints/3d_xhi/localsirenfno/checkpoints_3d_localsirenfno	3d_xhi	localsirenfno	
checkpoints/checkpoints_3d_localsirenfno_bw32om60_l2only	checkpoints/3d_xhi/localsirenfno/checkpoints_3d_localsirenfno_bw32om60_l2only	3d_xhi	localsirenfno	
checkpoints/checkpoints_3d_localsirenfno_bw48om60_l2only	checkpoints/3d_xhi/localsirenfno/checkpoints_3d_localsirenfno_bw48om60_l2only	3d_xhi	localsirenfno	
checkpoints/checkpoints_3d_localsirenfno_l2only	checkpoints/3d_xhi/localsirenfno/checkpoints_3d_localsirenfno_l2only	3d_xhi	localsirenfno	
checkpoints/checkpoints_3d_sfno_swhno_bw48om60	checkpoints/3d_xhi/sfno_swhno/checkpoints_3d_sfno_swhno_bw48om60	3d_xhi	sfno_swhno	
checkpoints/checkpoints_3d_sfno_swhno_plain	checkpoints/3d_xhi/sfno_swhno/checkpoints_3d_sfno_swhno_plain	3d_xhi	sfno_swhno	
checkpoints/checkpoints_3d_swhno_swhno_bw48om60	checkpoints/3d_xhi/swhno_swhno/checkpoints_3d_swhno_swhno_bw48om60	3d_xhi	swhno_swhno	
checkpoints/checkpoints_3d_swhno_swhno_plain	checkpoints/3d_xhi/swhno_swhno/checkpoints_3d_swhno_swhno_plain	3d_xhi	swhno_swhno	
checkpoints/checkpoints_3d_ufno_bsd_gnorm	checkpoints/3d_xhi/ufno/checkpoints_3d_ufno_bsd_gnorm	3d_xhi	ufno	
checkpoints/checkpoints_3d_ufno_expwall	checkpoints/3d_xhi/ufno/checkpoints_3d_ufno_expwall	3d_xhi	ufno	
checkpoints/checkpoints_3d_ufno_expwall_gnorm	checkpoints/3d_xhi/ufno/checkpoints_3d_ufno_expwall_gnorm	3d_xhi	ufno	
checkpoints/checkpoints_3d_ufno_expwall_theta_gnorm	checkpoints/3d_xhi/ufno/checkpoints_3d_ufno_expwall_theta_gnorm	3d_xhi	ufno	
checkpoints/checkpoints_3d_ufno_hybrid	checkpoints/3d_xhi/ufno/checkpoints_3d_ufno_hybrid	3d_xhi	ufno	
checkpoints/checkpoints_3d_ufno_hybrid_gnorm	checkpoints/3d_xhi/ufno/checkpoints_3d_ufno_hybrid_gnorm	3d_xhi	ufno	
checkpoints/checkpoints_3d_ufno_hybrid_gnorm_tsw	checkpoints/3d_xhi/ufno/checkpoints_3d_ufno_hybrid_gnorm_tsw	3d_xhi	ufno	
checkpoints/checkpoints_3d_ufno_plain_gnorm	checkpoints/3d_xhi/ufno/checkpoints_3d_ufno_plain_gnorm	3d_xhi	ufno	
checkpoints/checkpoints_3d_whno_swhno_bw48om60	checkpoints/3d_xhi/whno_swhno/checkpoints_3d_whno_swhno_bw48om60	3d_xhi	whno_swhno	
checkpoints/checkpoints_3d_whno_swhno_plain	checkpoints/3d_xhi/whno_swhno/checkpoints_3d_whno_swhno_plain	3d_xhi	whno_swhno	
checkpoints/checkpoints_3d_whno_whno_bsd	checkpoints/3d_xhi/whno_whno/checkpoints_3d_whno_whno_bsd	3d_xhi	whno_whno	
checkpoints/checkpoints_3d_whno_whno_expwall	checkpoints/3d_xhi/whno_whno/checkpoints_3d_whno_whno_expwall	3d_xhi	whno_whno	
checkpoints/checkpoints_3d_whno_whno_hybrid	checkpoints/3d_xhi/whno_whno/checkpoints_3d_whno_whno_hybrid	3d_xhi	whno_whno	
checkpoints/checkpoints_3d_whno_whno_plain	checkpoints/3d_xhi/whno_whno/checkpoints_3d_whno_whno_plain	3d_xhi	whno_whno	
checkpoints/checkpoints_3d_wno_whno_expwall	checkpoints/3d_xhi/wno_whno/checkpoints_3d_wno_whno_expwall	3d_xhi	wno_whno	
checkpoints/checkpoints_3d_wno_whno_hybrid	checkpoints/3d_xhi/wno_whno/checkpoints_3d_wno_whno_hybrid	3d_xhi	wno_whno	
checkpoints/checkpoints_3d_wno_whno_plain	checkpoints/3d_xhi/wno_whno/checkpoints_3d_wno_whno_plain	3d_xhi	wno_whno	
checkpoints/checkpoints_zre	checkpoints/zre/fno/checkpoints_zre	zre	fno	
checkpoints/checkpoints_zre_fno_l2only	checkpoints/zre/fno/checkpoints_zre_fno_l2only	zre	fno	
checkpoints/checkpoints_zre_localfno	checkpoints/zre/localfno/checkpoints_zre_localfno	zre	localfno	
checkpoints/checkpoints_zre_localfno_l2only	checkpoints/zre/localfno/checkpoints_zre_localfno_l2only	zre	localfno	
checkpoints/checkpoints_zre_localfno_l2only_maxmodes	checkpoints/zre/localfno/checkpoints_zre_localfno_l2only_maxmodes	zre	localfno	
checkpoints/checkpoints_zre_localsirenfno_l1h2rel	checkpoints/zre/localsirenfno/checkpoints_zre_localsirenfno_l1h2rel	zre	localsirenfno	
checkpoints/checkpoints_zre_localsirenfno_l2only	checkpoints/zre/localsirenfno/checkpoints_zre_localsirenfno_l2only	zre	localsirenfno	
checkpoints/checkpoints_zre_localsirenfno_l2only_bw24	checkpoints/zre/localsirenfno/checkpoints_zre_localsirenfno_l2only_bw24	zre	localsirenfno	
checkpoints/checkpoints_zre_localsirenfno_l2only_bw32	checkpoints/zre/localsirenfno/checkpoints_zre_localsirenfno_l2only_bw32	zre	localsirenfno	
checkpoints/checkpoints_zre_localsirenfno_l2only_bw32lr2e4	checkpoints/zre/localsirenfno/checkpoints_zre_localsirenfno_l2only_bw32lr2e4	zre	localsirenfno	
checkpoints/checkpoints_zre_localsirenfno_l2only_bw32lr3e4	checkpoints/zre/localsirenfno/checkpoints_zre_localsirenfno_l2only_bw32lr3e4	zre	localsirenfno	
checkpoints/checkpoints_zre_localsirenfno_l2only_bw32om60lr2e4	checkpoints/zre/localsirenfno/checkpoints_zre_localsirenfno_l2only_bw32om60lr2e4	zre	localsirenfno	
checkpoints/checkpoints_zre_localsirenfno_l2only_bw48lr2e4	checkpoints/zre/localsirenfno/checkpoints_zre_localsirenfno_l2only_bw48lr2e4	zre	localsirenfno	
checkpoints/checkpoints_zre_localsirenfno_l2only_bw48om60lr2e4	checkpoints/zre/localsirenfno/checkpoints_zre_localsirenfno_l2only_bw48om60lr2e4	zre	localsirenfno	
checkpoints/checkpoints_zre_localsirenfno_l2only_bw48r24om60lr3e4	checkpoints/zre/localsirenfno/checkpoints_zre_localsirenfno_l2only_bw48r24om60lr3e4	zre	localsirenfno	
checkpoints/checkpoints_zre_localsirenfno_l2only_bw48r32om60lr2e4_s96f32	checkpoints/zre/localsirenfno/checkpoints_zre_localsirenfno_l2only_bw48r32om60lr2e4_s96f32	zre	localsirenfno	
checkpoints/checkpoints_zre_localsirenfno_l2only_bw48r32om60lr3e4	checkpoints/zre/localsirenfno/checkpoints_zre_localsirenfno_l2only_bw48r32om60lr3e4	zre	localsirenfno	
checkpoints/checkpoints_zre_localsirenfno_l2only_bw48r32om60lr3e4_s96f32	checkpoints/zre/localsirenfno/checkpoints_zre_localsirenfno_l2only_bw48r32om60lr3e4_s96f32	zre	localsirenfno	
checkpoints/checkpoints_zre_localsirenfno_l2only_lr2e4	checkpoints/zre/localsirenfno/checkpoints_zre_localsirenfno_l2only_lr2e4	zre	localsirenfno	
checkpoints/checkpoints_zre_localsirenfno_l2only_lr5e5	checkpoints/zre/localsirenfno/checkpoints_zre_localsirenfno_l2only_lr5e5	zre	localsirenfno	
checkpoints/checkpoints_zre_localsirenfno_l2only_m88	checkpoints/zre/localsirenfno/checkpoints_zre_localsirenfno_l2only_m88	zre	localsirenfno	
checkpoints/checkpoints_zre_localsirenfno_l2only_om15	checkpoints/zre/localsirenfno/checkpoints_zre_localsirenfno_l2only_om15	zre	localsirenfno	
checkpoints/checkpoints_zre_localsirenfno_l2only_om60	checkpoints/zre/localsirenfno/checkpoints_zre_localsirenfno_l2only_om60	zre	localsirenfno	
checkpoints/checkpoints_zre_localsirenfno_l2only_win32m1212	checkpoints/zre/localsirenfno/checkpoints_zre_localsirenfno_l2only_win32m1212	zre	localsirenfno	
checkpoints/checkpoints_zre_localwno_bw32_l2_lr3e4	checkpoints/zre/localwno/checkpoints_zre_localwno_bw32_l2_lr3e4	zre	localwno	
checkpoints/checkpoints_zre_sirenfno	checkpoints/zre/sirenfno/checkpoints_zre_sirenfno	zre	sirenfno	
checkpoints/checkpoints_zre_sirenfno_l2only	checkpoints/zre/sirenfno/checkpoints_zre_sirenfno_l2only	zre	sirenfno	
checkpoints/checkpoints_zre_ufno	checkpoints/zre/ufno/checkpoints_zre_ufno	zre	ufno	
checkpoints/checkpoints_zre_ufno_l2only	checkpoints/zre/ufno/checkpoints_zre_ufno_l2only	zre	ufno	
checkpoints/smoke_xhi2d_localwno	checkpoints/misc/smoke_xhi2d_localwno	misc	localwno	
checkpoints/smoke_zre_localwno_v2	checkpoints/misc/smoke_zre_localwno_v2	misc	localwno	
checkpoints/xhi2d_localfno_lr3e4_e30	checkpoints/2d_xhi/localfno/xhi2d_localfno_lr3e4_e30	2d_xhi	localfno	
checkpoints/xhi2d_localwno_lr2e4_e30	checkpoints/2d_xhi/localwno/xhi2d_localwno_lr2e4_e30	2d_xhi	localwno	
checkpoints/xhi2d_localwno_lr3e4_e30	checkpoints/2d_xhi/localwno/xhi2d_localwno_lr3e4_e30	2d_xhi	localwno	
checkpoints/xhi2d_localwno_lr3e4_h1e3	checkpoints/2d_xhi/localwno/xhi2d_localwno_lr3e4_h1e3	2d_xhi	localwno	
checkpoints/xhi2d_localwno_lr3e4_r32	checkpoints/2d_xhi/localwno/xhi2d_localwno_lr3e4_r32	2d_xhi	localwno	
checkpoints/xhi2d_localwno_lr3e4_w48r24	checkpoints/2d_xhi/localwno/xhi2d_localwno_lr3e4_w48r24	2d_xhi	localwno	
checkpoints/xhi2d_lwf_both_e100	checkpoints/2d_xhi/lwf_lwf/xhi2d_lwf_both_e100	2d_xhi	lwf_lwf	
checkpoints/xhi2d_lwf_both_lr3e4	checkpoints/2d_xhi/lwf_lwf/xhi2d_lwf_both_lr3e4	2d_xhi	lwf_lwf	
checkpoints/xhi2d_lwf_both_ph_random	checkpoints/2d_xhi/lwf_lwf/xhi2d_lwf_both_ph_random	2d_xhi	lwf_lwf	
checkpoints/xhi2d_lwf_both_ph_random_lr1	checkpoints/2d_xhi/lwf_lwf/xhi2d_lwf_both_ph_random_lr1	2d_xhi	lwf_lwf	
checkpoints/xhi2d_lwf_both_ph_sawtooth	checkpoints/2d_xhi/lwf_lwf/xhi2d_lwf_both_ph_sawtooth	2d_xhi	lwf_lwf	
checkpoints/xhi2d_lwf_both_ph_sawtooth_adapt25	checkpoints/2d_xhi/lwf_lwf/xhi2d_lwf_both_ph_sawtooth_adapt25	2d_xhi	lwf_lwf	
checkpoints/xhi2d_lwf_both_ph_sawtooth_adapt25_s1	checkpoints/2d_xhi/lwf_lwf/xhi2d_lwf_both_ph_sawtooth_adapt25_s1	2d_xhi	lwf_lwf	
checkpoints/xhi2d_lwf_both_ph_sawtooth_adapt25_s2	checkpoints/2d_xhi/lwf_lwf/xhi2d_lwf_both_ph_sawtooth_adapt25_s2	2d_xhi	lwf_lwf	
checkpoints/xhi2d_lwf_both_ph_sawtooth_alt11	checkpoints/2d_xhi/lwf_lwf/xhi2d_lwf_both_ph_sawtooth_alt11	2d_xhi	lwf_lwf	
checkpoints/xhi2d_lwf_both_ph_sawtooth_frozen_s0	checkpoints/2d_xhi/lwf_lwf/xhi2d_lwf_both_ph_sawtooth_frozen_s0	2d_xhi	lwf_lwf	
checkpoints/xhi2d_lwf_both_ph_sawtooth_frozen_s1	checkpoints/2d_xhi/lwf_lwf/xhi2d_lwf_both_ph_sawtooth_frozen_s1	2d_xhi	lwf_lwf	
checkpoints/xhi2d_lwf_both_ph_sawtooth_frozen_s2	checkpoints/2d_xhi/lwf_lwf/xhi2d_lwf_both_ph_sawtooth_frozen_s2	2d_xhi	lwf_lwf	
checkpoints/xhi2d_lwf_both_ph_sawtooth_joint_s1	checkpoints/2d_xhi/lwf_lwf/xhi2d_lwf_both_ph_sawtooth_joint_s1	2d_xhi	lwf_lwf	
checkpoints/xhi2d_lwf_both_ph_sawtooth_joint_s2	checkpoints/2d_xhi/lwf_lwf/xhi2d_lwf_both_ph_sawtooth_joint_s2	2d_xhi	lwf_lwf	
checkpoints/xhi2d_lwf_both_ph_sawtooth_lr1	checkpoints/2d_xhi/lwf_lwf/xhi2d_lwf_both_ph_sawtooth_lr1	2d_xhi	lwf_lwf	
checkpoints/xhi2d_lwf_both_ph_sine	checkpoints/2d_xhi/lwf_lwf/xhi2d_lwf_both_ph_sine	2d_xhi	lwf_lwf	
checkpoints/xhi2d_lwf_both_ph_sine_alt	checkpoints/2d_xhi/lwf_lwf/xhi2d_lwf_both_ph_sine_alt	2d_xhi	lwf_lwf	
checkpoints/xhi2d_lwf_both_ph_sine_altall	checkpoints/2d_xhi/lwf_lwf/xhi2d_lwf_both_ph_sine_altall	2d_xhi	lwf_lwf	
checkpoints/xhi2d_lwf_both_ph_sine_frozen	checkpoints/2d_xhi/lwf_lwf/xhi2d_lwf_both_ph_sine_frozen	2d_xhi	lwf_lwf	
checkpoints/xhi2d_lwf_both_ph_sine_frozen_s1	checkpoints/2d_xhi/lwf_lwf/xhi2d_lwf_both_ph_sine_frozen_s1	2d_xhi	lwf_lwf	
checkpoints/xhi2d_lwf_both_ph_sine_frozen_s2	checkpoints/2d_xhi/lwf_lwf/xhi2d_lwf_both_ph_sine_frozen_s2	2d_xhi	lwf_lwf	
checkpoints/xhi2d_lwf_both_ph_sine_lr1	checkpoints/2d_xhi/lwf_lwf/xhi2d_lwf_both_ph_sine_lr1	2d_xhi	lwf_lwf	
checkpoints/xhi2d_lwf_both_ph_smooth_random	checkpoints/2d_xhi/lwf_lwf/xhi2d_lwf_both_ph_smooth_random	2d_xhi	lwf_lwf	
checkpoints/xhi2d_lwf_both_ph_square	checkpoints/2d_xhi/lwf_lwf/xhi2d_lwf_both_ph_square	2d_xhi	lwf_lwf	
checkpoints/xhi2d_lwf_both_ph_square_adapt25	checkpoints/2d_xhi/lwf_lwf/xhi2d_lwf_both_ph_square_adapt25	2d_xhi	lwf_lwf	
checkpoints/xhi2d_lwf_both_ph_square_adapt25_s1	checkpoints/2d_xhi/lwf_lwf/xhi2d_lwf_both_ph_square_adapt25_s1	2d_xhi	lwf_lwf	
checkpoints/xhi2d_lwf_both_ph_square_adapt25_s2	checkpoints/2d_xhi/lwf_lwf/xhi2d_lwf_both_ph_square_adapt25_s2	2d_xhi	lwf_lwf	
checkpoints/xhi2d_lwf_both_ph_square_alt	checkpoints/2d_xhi/lwf_lwf/xhi2d_lwf_both_ph_square_alt	2d_xhi	lwf_lwf	
checkpoints/xhi2d_lwf_both_ph_square_alt11	checkpoints/2d_xhi/lwf_lwf/xhi2d_lwf_both_ph_square_alt11	2d_xhi	lwf_lwf	
checkpoints/xhi2d_lwf_both_ph_square_altall	checkpoints/2d_xhi/lwf_lwf/xhi2d_lwf_both_ph_square_altall	2d_xhi	lwf_lwf	
checkpoints/xhi2d_lwf_both_ph_square_frozen_s0	checkpoints/2d_xhi/lwf_lwf/xhi2d_lwf_both_ph_square_frozen_s0	2d_xhi	lwf_lwf	
checkpoints/xhi2d_lwf_both_ph_square_frozen_s1	checkpoints/2d_xhi/lwf_lwf/xhi2d_lwf_both_ph_square_frozen_s1	2d_xhi	lwf_lwf	
checkpoints/xhi2d_lwf_both_ph_square_frozen_s2	checkpoints/2d_xhi/lwf_lwf/xhi2d_lwf_both_ph_square_frozen_s2	2d_xhi	lwf_lwf	
checkpoints/xhi2d_lwf_both_ph_square_joint_s1	checkpoints/2d_xhi/lwf_lwf/xhi2d_lwf_both_ph_square_joint_s1	2d_xhi	lwf_lwf	
checkpoints/xhi2d_lwf_both_ph_square_joint_s2	checkpoints/2d_xhi/lwf_lwf/xhi2d_lwf_both_ph_square_joint_s2	2d_xhi	lwf_lwf	
checkpoints/xhi2d_lwf_both_ph_square_lr1	checkpoints/2d_xhi/lwf_lwf/xhi2d_lwf_both_ph_square_lr1	2d_xhi	lwf_lwf	
checkpoints/xhi2d_lwf_both_ph_triangle	checkpoints/2d_xhi/lwf_lwf/xhi2d_lwf_both_ph_triangle	2d_xhi	lwf_lwf	
checkpoints/xhi2d_lwf_glob_e100	checkpoints/2d_xhi/fno_lwf/xhi2d_lwf_glob_e100	2d_xhi	fno_lwf	
checkpoints/xhi2d_lwf_glob_lr3e4	checkpoints/2d_xhi/fno_lwf/xhi2d_lwf_glob_lr3e4	2d_xhi	fno_lwf	
checkpoints/xhi2d_ufno_lr3e4_e30	checkpoints/2d_xhi/ufno/xhi2d_ufno_lr3e4_e30	2d_xhi	ufno	
checkpoints/xhi2d_whno_both_bce	checkpoints/2d_xhi/whno_whno/xhi2d_whno_both_bce	2d_xhi	whno_whno	
checkpoints/xhi2d_whno_both_lr3e4	checkpoints/2d_xhi/whno_whno/xhi2d_whno_both_lr3e4	2d_xhi	whno_whno	
checkpoints/xhi2d_whno_glob_ctrfix040	checkpoints/2d_xhi/fno_whno/xhi2d_whno_glob_ctrfix040	2d_xhi	fno_whno	
checkpoints/xhi2d_whno_glob_ctrfix040_swd	checkpoints/2d_xhi/fno_whno/xhi2d_whno_glob_ctrfix040_swd	2d_xhi	fno_whno	
checkpoints/xhi2d_whno_glob_ctrglobal	checkpoints/2d_xhi/fno_whno/xhi2d_whno_glob_ctrglobal	2d_xhi	fno_whno	
checkpoints/xhi2d_whno_glob_ctrglobal_hk	checkpoints/2d_xhi/fno_whno/xhi2d_whno_glob_ctrglobal_hk	2d_xhi	fno_whno	
checkpoints/xhi2d_whno_glob_ctrhead	checkpoints/2d_xhi/fno_whno/xhi2d_whno_glob_ctrhead	2d_xhi	fno_whno	
checkpoints/xhi2d_whno_glob_ctrrefit	checkpoints/2d_xhi/fno_whno/xhi2d_whno_glob_ctrrefit	2d_xhi	fno_whno	
checkpoints/xhi2d_whno_glob_ctrrefit_swd	checkpoints/2d_xhi/fno_whno/xhi2d_whno_glob_ctrrefit_swd	2d_xhi	fno_whno	
checkpoints/xhi2d_whno_glob_ctrsched	checkpoints/2d_xhi/fno_whno/xhi2d_whno_glob_ctrsched	2d_xhi	fno_whno	
checkpoints/xhi2d_whno_glob_ctrstep14	checkpoints/2d_xhi/fno_whno/xhi2d_whno_glob_ctrstep14	2d_xhi	fno_whno	
checkpoints/xhi2d_whno_glob_ctrstep14_band	checkpoints/2d_xhi/fno_whno/xhi2d_whno_glob_ctrstep14_band	2d_xhi	fno_whno	
checkpoints/xhi2d_whno_glob_ctrstep20	checkpoints/2d_xhi/fno_whno/xhi2d_whno_glob_ctrstep20	2d_xhi	fno_whno	
checkpoints/xhi2d_whno_glob_ctrstep20_band	checkpoints/2d_xhi/fno_whno/xhi2d_whno_glob_ctrstep20_band	2d_xhi	fno_whno	
checkpoints/xhi2d_whno_glob_e100	checkpoints/2d_xhi/fno_whno/xhi2d_whno_glob_e100	2d_xhi	fno_whno	
checkpoints/xhi2d_whno_glob_edge	checkpoints/2d_xhi/fno_whno/xhi2d_whno_glob_edge	2d_xhi	fno_whno	
checkpoints/xhi2d_whno_glob_edgeonly	checkpoints/2d_xhi/fno_whno/xhi2d_whno_glob_edgeonly	2d_xhi	fno_whno	
checkpoints/xhi2d_whno_glob_ew16_step14	checkpoints/2d_xhi/fno_whno/xhi2d_whno_glob_ew16_step14	2d_xhi	fno_whno	
checkpoints/xhi2d_whno_glob_ew16_step14_band	checkpoints/2d_xhi/fno_whno/xhi2d_whno_glob_ew16_step14_band	2d_xhi	fno_whno	
checkpoints/xhi2d_whno_glob_expwall16	checkpoints/2d_xhi/fno_whno/xhi2d_whno_glob_expwall16	2d_xhi	fno_whno	
checkpoints/xhi2d_whno_glob_expwall4	checkpoints/2d_xhi/fno_whno/xhi2d_whno_glob_expwall4	2d_xhi	fno_whno	
checkpoints/xhi2d_whno_glob_expwall8	checkpoints/2d_xhi/fno_whno/xhi2d_whno_glob_expwall8	2d_xhi	fno_whno	
checkpoints/xhi2d_whno_glob_h1semi	checkpoints/2d_xhi/fno_whno/xhi2d_whno_glob_h1semi	2d_xhi	fno_whno	
checkpoints/xhi2d_whno_glob_highk	checkpoints/2d_xhi/fno_whno/xhi2d_whno_glob_highk	2d_xhi	fno_whno	
checkpoints/xhi2d_whno_glob_lr3e4	checkpoints/2d_xhi/fno_whno/xhi2d_whno_glob_lr3e4	2d_xhi	fno_whno	
checkpoints/xhi2d_whno_glob_swd	checkpoints/2d_xhi/fno_whno/xhi2d_whno_glob_swd	2d_xhi	fno_whno	
checkpoints/xhi2d_whno_glob_wall32	checkpoints/2d_xhi/fno_whno/xhi2d_whno_glob_wall32	2d_xhi	fno_whno	
checkpoints/xhi2d_whno_loc_lr3e4	checkpoints/2d_xhi/whno_fno/xhi2d_whno_loc_lr3e4	2d_xhi	whno_fno	
checkpoints/xhi2d_whno_loc_m12_lr3e4	checkpoints/2d_xhi/whno_fno/xhi2d_whno_loc_m12_lr3e4	2d_xhi	whno_fno	
checkpoints/xhi2d_whno_loc_natural	checkpoints/2d_xhi/whno_fno/xhi2d_whno_loc_natural	2d_xhi	whno_fno	
checkpoints/xhi2d_whno_loc_w48r24	checkpoints/2d_xhi/whno_fno/xhi2d_whno_loc_w48r24	2d_xhi	whno_fno	
figures/band_out	figures/3d_xhi/eval/band_out	3d_xhi	eval	
figures/bubble_size_out	figures/3d_xhi/eval/bubble_size_out	3d_xhi	eval	
figures/checkpoint_inventory.csv	figures/summary/checkpoint_inventory.csv	summary	summary	
figures/checkpoint_inventory.md	figures/summary/checkpoint_inventory.md	summary	summary	
figures/contrast_map_examples	figures/shared/diagnostics/contrast_map_examples	shared	diagnostics	
figures/edge_metrics_out	figures/3d_xhi/eval/edge_metrics_out	3d_xhi	eval	
figures/final-cnn_fno_bw48-detailed-detailed_20260825-201440_job4647070	figures/3d_xhi/detailed_viz/final-cnn_fno_bw48-detailed-detailed_20260825-201440_job4647070	3d_xhi	detailed_viz	checkpoints_3d_cnn_fno_bw48
figures/final-cnn_sfno_bw48om60-detailed-detailed_20260825-202040_job4647071	figures/3d_xhi/detailed_viz/final-cnn_sfno_bw48om60-detailed-detailed_20260825-202040_job4647071	3d_xhi	detailed_viz	checkpoints_3d_cnn_sfno_bw48om60
figures/final-cnn_swhno_plain-detailed_20260816-220123_job4580656	figures/3d_xhi/detailed_viz/final-cnn_swhno_plain-detailed_20260816-220123_job4580656	3d_xhi	detailed_viz	checkpoints_3d_cnn_swhno_plain
figures/final-cnn_whno_plain-detailed_20260816-220123_job4580657	figures/3d_xhi/detailed_viz/final-cnn_whno_plain-detailed_20260816-220123_job4580657	3d_xhi	detailed_viz	checkpoints_3d_cnn_whno_plain
figures/final-fno_fno_bsd-detailed_20260816-220722_job4580662	figures/3d_xhi/detailed_viz/final-fno_fno_bsd-detailed_20260816-220722_job4580662	3d_xhi	detailed_viz	checkpoints_3d_fno_fno_bsd
figures/final-fno_whno_expwall-detailed_20260825-222857_job4650484	figures/3d_xhi/detailed_viz/final-fno_whno_expwall-detailed_20260825-222857_job4650484	3d_xhi	detailed_viz	checkpoints_3d_fno_whno_expwall
figures/final-fno_whno_expwall_theta-detailed_20260825-225108_job4650488	figures/3d_xhi/detailed_viz/final-fno_whno_expwall_theta-detailed_20260825-225108_job4650488	3d_xhi	detailed_viz	checkpoints_3d_fno_whno_expwall_theta
figures/final-fno_whno_plain-detailed_20260816-220723_job4580661	figures/3d_xhi/detailed_viz/final-fno_whno_plain-detailed_20260816-220723_job4580661	3d_xhi	detailed_viz	checkpoints_3d_fno_whno_plain
figures/final-localfno_1gpu-detailed_20260816-220123_job4580653	figures/3d_xhi/detailed_viz/final-localfno_1gpu-detailed_20260816-220123_job4580653	3d_xhi	detailed_viz	checkpoints_3d_localfno_1gpu
figures/final-localsirenfno_bw48om60_l2only-detailed_20260816-220123_job4580652	figures/3d_xhi/detailed_viz/final-localsirenfno_bw48om60_l2only-detailed_20260816-220123_job4580652	3d_xhi	detailed_viz	checkpoints_3d_localsirenfno_bw48om60_l2only
figures/final-sfno_swhno_bw48om60-detailed_20260816-220123_job4580655	figures/3d_xhi/detailed_viz/final-sfno_swhno_bw48om60-detailed_20260816-220123_job4580655	3d_xhi	detailed_viz	checkpoints_3d_sfno_swhno_bw48om60
figures/final-swhno_swhno_bw48om60-detailed_20260816-220123_job4580659	figures/3d_xhi/detailed_viz/final-swhno_swhno_bw48om60-detailed_20260816-220123_job4580659	3d_xhi	detailed_viz	checkpoints_3d_swhno_swhno_bw48om60
figures/final-ufno_expwall_gnorm-detailed_20260825-222259_job4650483	figures/3d_xhi/detailed_viz/final-ufno_expwall_gnorm-detailed_20260825-222259_job4650483	3d_xhi	detailed_viz	checkpoints_3d_ufno_expwall_gnorm
figures/final-ufno_expwall_theta_gnorm-detailed_20260825-224540_job4650487	figures/3d_xhi/detailed_viz/final-ufno_expwall_theta_gnorm-detailed_20260825-224540_job4650487	3d_xhi	detailed_viz	checkpoints_3d_ufno_expwall_theta_gnorm
figures/final-ufno_plain_gnorm-detailed_20260816-220126_job4580654	figures/3d_xhi/detailed_viz/final-ufno_plain_gnorm-detailed_20260816-220126_job4580654	3d_xhi	detailed_viz	checkpoints_3d_ufno_plain_gnorm
figures/final-whno_swhno_bw48om60-detailed_20260816-220123_job4580658	figures/3d_xhi/detailed_viz/final-whno_swhno_bw48om60-detailed_20260816-220123_job4580658	3d_xhi	detailed_viz	checkpoints_3d_whno_swhno_bw48om60
figures/final-whno_whno_expwall-detailed_20260825-223432_job4650485	figures/3d_xhi/detailed_viz/final-whno_whno_expwall-detailed_20260825-223432_job4650485	3d_xhi	detailed_viz	checkpoints_3d_whno_whno_expwall
figures/final-whno_whno_plain-detailed_20260816-220722_job4580660	figures/3d_xhi/detailed_viz/final-whno_whno_plain-detailed_20260816-220722_job4580660	3d_xhi	detailed_viz	checkpoints_3d_whno_whno_plain
figures/final-wno_whno_expwall-detailed_20260825-223958_job4650486	figures/3d_xhi/detailed_viz/final-wno_whno_expwall-detailed_20260825-223958_job4650486	3d_xhi	detailed_viz	checkpoints_3d_wno_whno_expwall
figures/final-wno_whno_plain-detailed_20260816-220722_job4580663	figures/3d_xhi/detailed_viz/final-wno_whno_plain-detailed_20260816-220722_job4580663	3d_xhi	detailed_viz	checkpoints_3d_wno_whno_plain
figures/final_eval	figures/shared/eval/final_eval	shared	eval	
figures/fno_whno-expwall-detailed_20260807-134159_job4469058	figures/3d_xhi/detailed_viz/fno_whno-expwall-detailed_20260807-134159_job4469058	3d_xhi	detailed_viz	checkpoints_3d_fno_whno_expwall
figures/fno_whno-expwall_theta-detailed_20260807-140101_job4469121	figures/3d_xhi/detailed_viz/fno_whno-expwall_theta-detailed_20260807-140101_job4469121	3d_xhi	detailed_viz	checkpoints_3d_fno_whno_expwall_theta
figures/fno_whno-hybrid-detailed_20260807-134206_job4469057	figures/3d_xhi/detailed_viz/fno_whno-hybrid-detailed_20260807-134206_job4469057	3d_xhi	detailed_viz	checkpoints_3d_fno_whno_hybrid
figures/fno_whno-plain-detailed_20260807-134206_job4469056	figures/3d_xhi/detailed_viz/fno_whno-plain-detailed_20260807-134206_job4469056	3d_xhi	detailed_viz	checkpoints_3d_fno_whno_plain
figures/fno_whno_hybrid_20260806-022406_job4455835	figures/3d_xhi/detailed_viz/fno_whno_hybrid_20260806-022406_job4455835	3d_xhi	detailed_viz	checkpoints_3d_fno_whno_hybrid
figures/grid_eval_envelope	figures/shared/eval/grid_eval_envelope	shared	eval	
figures/grid_eval_out50	figures/shared/eval/grid_eval_out50	shared	eval	
figures/grid_eval_out50_real	figures/shared/eval/grid_eval_out50_real	shared	eval	
figures/inference_speed	figures/shared/benchmarks/inference_speed	shared	benchmarks	
figures/inference_speed_vs_rmse.png	figures/summary/inference_speed_vs_rmse.png	summary	summary	
figures/inference_speed_vs_size.png	figures/summary/inference_speed_vs_size.png	summary	summary	
figures/localfno-detailed_20260703-152744_job4195174	figures/3d_xhi/detailed_viz/localfno-detailed_20260703-152744_job4195174	shared	detailed_viz	
figures/localfno-detailed_20260707-191840_job4227530	figures/3d_xhi/detailed_viz/localfno-detailed_20260707-191840_job4227530	shared	detailed_viz	
figures/localfno-detailed_20260707-193637_job4227540	figures/3d_xhi/detailed_viz/localfno-detailed_20260707-193637_job4227540	shared	detailed_viz	
figures/localfno-detailed_20260715-231816_job4244026	figures/3d_xhi/detailed_viz/localfno-detailed_20260715-231816_job4244026	shared	detailed_viz	
figures/localfno-detailed_20260715-232433_job4244207	figures/3d_xhi/detailed_viz/localfno-detailed_20260715-232433_job4244207	shared	detailed_viz	
figures/localfno-detailed_20260716-103415_job4247344	figures/3d_xhi/detailed_viz/localfno-detailed_20260716-103415_job4247344	shared	detailed_viz	
figures/localfno-mode-weights-3d_20260720-140600	figures/3d_xhi/diagnostics/localfno-mode-weights-3d_20260720-140600	shared	diagnostics	
figures/localfno-mode-weights-zre_20260720-140601	figures/zre/diagnostics/localfno-mode-weights-zre_20260720-140601	zre	diagnostics	
figures/localfno_20260702-054718_job4164104	figures/3d_xhi/detailed_viz/localfno_20260702-054718_job4164104	shared	detailed_viz	
figures/localfno_20260703-153946_job4195716	figures/3d_xhi/detailed_viz/localfno_20260703-153946_job4195716	shared	detailed_viz	
figures/localfno_20260704-154902_job4202238	figures/3d_xhi/detailed_viz/localfno_20260704-154902_job4202238	shared	detailed_viz	
figures/old	figures/archive/old	archive	archive	
figures/operator_params_vs_throughput.png	figures/summary/operator_params_vs_throughput.png	summary	summary	
figures/operator_variant_benchmark.json	figures/summary/operator_variant_benchmark.json	summary	summary	
figures/params_vs_accuracy.png	figures/summary/params_vs_accuracy.png	summary	summary	
figures/params_vs_rmse.png	figures/summary/params_vs_rmse.png	summary	summary	
figures/parity_out	figures/3d_xhi/eval/parity_out	3d_xhi	eval	
figures/ps_coherence_highk.csv	figures/summary/ps_coherence_highk.csv	summary	summary	
figures/ps_coherence_highk.png	figures/summary/ps_coherence_highk.png	summary	summary	
figures/ps_out	figures/3d_xhi/eval/ps_out	3d_xhi	eval	
figures/run_comparison_first30	figures/shared/eval/run_comparison_first30	shared	eval	
figures/sirenfno-detailed_20260620-214800_job3994119	figures/3d_xhi/detailed_viz/sirenfno-detailed_20260620-214800_job3994119	shared	detailed_viz	
figures/sirenfno-detailed_20260621-191553_job3999451	figures/3d_xhi/detailed_viz/sirenfno-detailed_20260621-191553_job3999451	shared	detailed_viz	
figures/spectral-weights-z_20260620-032803	figures/shared/diagnostics/spectral-weights-z_20260620-032803	shared	diagnostics	
figures/spectral-weights-z_20260620-062812	figures/shared/diagnostics/spectral-weights-z_20260620-062812	shared	diagnostics	
figures/spectral-weights_20260621-053948	figures/shared/diagnostics/spectral-weights_20260621-053948	shared	diagnostics	
figures/theta_z_profile	figures/shared/diagnostics/theta_z_profile	shared	diagnostics	
figures/truth_survey	figures/shared/diagnostics/truth_survey	shared	diagnostics	
figures/ufno	figures/archive/ufno	archive	archive	
figures/ufno_plain_gnorm_20260806-021242_job4455766	figures/3d_xhi/detailed_viz/ufno_plain_gnorm_20260806-021242_job4455766	3d_xhi	detailed_viz	checkpoints_3d_ufno_plain_gnorm
figures/ufno_plain_gnorm_20260807-002303_job4465022	figures/3d_xhi/detailed_viz/ufno_plain_gnorm_20260807-002303_job4465022	3d_xhi	detailed_viz	checkpoints_3d_ufno_plain_gnorm
figures/walsh_weight_profile	figures/shared/diagnostics/walsh_weight_profile	shared	diagnostics	
figures/waveform_seed_controls	figures/shared/diagnostics/waveform_seed_controls	shared	diagnostics	
figures/waveforms	figures/shared/diagnostics/waveforms	shared	diagnostics	
figures/whno_sequency	figures/shared/diagnostics/whno_sequency	shared	diagnostics	
figures/xhi2d_all_variants.csv	figures/summary/xhi2d_all_variants.csv	summary	summary	
figures/xhi2d_all_variants.md	figures/summary/xhi2d_all_variants.md	summary	summary	
figures/xhi2d_ctrrefit_swd_representative	figures/2d_xhi/eval/xhi2d_ctrrefit_swd_representative	2d_xhi	eval	
figures/xhi2d_ctrrefit_swd_vs_best_3d	figures/2d_xhi/eval/xhi2d_ctrrefit_swd_vs_best_3d	2d_xhi	eval	
figures/xhi2d_ew16_step14_band_representative	figures/2d_xhi/eval/xhi2d_ew16_step14_band_representative	2d_xhi	eval	
figures/xhi2d_ew16_step14_band_vs_best_3d	figures/2d_xhi/eval/xhi2d_ew16_step14_band_vs_best_3d	2d_xhi	eval	
figures/xhi2d_expwall16_representative	figures/2d_xhi/eval/xhi2d_expwall16_representative	2d_xhi	eval	
figures/xhi2d_expwall16_vs_best_3d	figures/2d_xhi/eval/xhi2d_expwall16_vs_best_3d	2d_xhi	eval	
figures/xhi2d_localfno_lr3e4_e30_representative	figures/2d_xhi/eval/xhi2d_localfno_lr3e4_e30_representative	2d_xhi	eval	
figures/xhi2d_localwno_lr2e4_e30_representative	figures/2d_xhi/eval/xhi2d_localwno_lr2e4_e30_representative	2d_xhi	eval	
figures/xhi2d_localwno_vs_best_3d	figures/2d_xhi/eval/xhi2d_localwno_vs_best_3d	2d_xhi	eval	
figures/xhi2d_localwno_vs_best_3d_100slices	figures/3d_xhi/eval/xhi2d_localwno_vs_best_3d_100slices	3d_xhi	eval	
figures/xhi2d_localwno_vs_best_3d_heldout100	figures/3d_xhi/eval/xhi2d_localwno_vs_best_3d_heldout100	3d_xhi	eval	
figures/xhi2d_localwno_vs_best_3d_testcones	figures/3d_xhi/eval/xhi2d_localwno_vs_best_3d_testcones	3d_xhi	eval	
figures/xhi2d_wall_models_grid.png	figures/summary/xhi2d_wall_models_grid.png	summary	summary	
figures/xhi2d_wall_models_grid_v2.png	figures/summary/xhi2d_wall_models_grid_v2.png	summary	summary	
figures/xhi2d_whno_both_bce_representative_LIVE_ep18	figures/2d_xhi/eval/xhi2d_whno_both_bce_representative_LIVE_ep18	2d_xhi	eval	
figures/xhi2d_whno_glob_edge_representative_LIVE_ep14	figures/2d_xhi/eval/xhi2d_whno_glob_edge_representative_LIVE_ep14	2d_xhi	eval	
figures/xhi2d_whno_glob_highk_representative_LIVE_ep14	figures/2d_xhi/eval/xhi2d_whno_glob_highk_representative_LIVE_ep14	2d_xhi	eval	
figures/xhi2d_whno_glob_lr3e4_representative	figures/2d_xhi/eval/xhi2d_whno_glob_lr3e4_representative	2d_xhi	eval	
figures/xhi2d_whno_glob_lr3e4_representative_LIVE_ep25	figures/2d_xhi/eval/xhi2d_whno_glob_lr3e4_representative_LIVE_ep25	2d_xhi	eval	
figures/xhi2d_whno_glob_swd_representative_LIVE_ep14	figures/2d_xhi/eval/xhi2d_whno_glob_swd_representative_LIVE_ep14	2d_xhi	eval	
figures/xhi2d_wno_sweep_comparison	figures/2d_xhi/eval/xhi2d_wno_sweep_comparison	2d_xhi	eval	
figures/zre-fno-l2only-detailed_20260719-074754_job4294162	figures/zre/detailed_viz/zre-fno-l2only-detailed_20260719-074754_job4294162	zre	detailed_viz	checkpoints_zre_fno_l2only
figures/zre-ufno-detailed_20260717-010122_job4265467	figures/zre/detailed_viz/zre-ufno-detailed_20260717-010122_job4265467	zre	detailed_viz	checkpoints_zre_ufno
